roomID,qrcodeID,userID,data
!DaUcqPSGUDWyGONNJQ:matrix.dropmenote.com,axAK2s300AFUXR8zfBMw,8FfCO6NPQKwi0rEBg35LjkX874iicQlwiOXWNMTXj2iUZ1vf0c,hmm
!DaUcqPSGUDWyGONNJQ:matrix.dropmenote.com,axAK2s300AFUXR8zfBMw,8FfCO6NPQKwi0rEBg35LjkX874iicQlwiOXWNMTXj2iUZ1vf0c,test
!DaUcqPSGUDWyGONNJQ:matrix.dropmenote.com,axAK2s300AFUXR8zfBMw,v7GjX4roKHxgfWfiUHQshUDIR7wZnnuieaoadxvG6WxTM3uwR5,Test2
!DaUcqPSGUDWyGONNJQ:matrix.dropmenote.com,axAK2s300AFUXR8zfBMw,8FfCO6NPQKwi0rEBg35LjkX874iicQlwiOXWNMTXj2iUZ1vf0c,test
!DaUcqPSGUDWyGONNJQ:matrix.dropmenote.com,axAK2s300AFUXR8zfBMw,8FfCO6NPQKwi0rEBg35LjkX874iicQlwiOXWNMTXj2iUZ1vf0c,test2
!DaUcqPSGUDWyGONNJQ:matrix.dropmenote.com,axAK2s300AFUXR8zfBMw,8FfCO6NPQKwi0rEBg35LjkX874iicQlwiOXWNMTXj2iUZ1vf0c,test
!DaUcqPSGUDWyGONNJQ:matrix.dropmenote.com,axAK2s300AFUXR8zfBMw,8FfCO6NPQKwi0rEBg35LjkX874iicQlwiOXWNMTXj2iUZ1vf0c,tset2
!DaUcqPSGUDWyGONNJQ:matrix.dropmenote.com,axAK2s300AFUXR8zfBMw,8FfCO6NPQKwi0rEBg35LjkX874iicQlwiOXWNMTXj2iUZ1vf0c,hh
!DaUcqPSGUDWyGONNJQ:matrix.dropmenote.com,axAK2s300AFUXR8zfBMw,8FfCO6NPQKwi0rEBg35LjkX874iicQlwiOXWNMTXj2iUZ1vf0c,hhh
!DaUcqPSGUDWyGONNJQ:matrix.dropmenote.com,axAK2s300AFUXR8zfBMw,8FfCO6NPQKwi0rEBg35LjkX874iicQlwiOXWNMTXj2iUZ1vf0c,f
!DaUcqPSGUDWyGONNJQ:matrix.dropmenote.com,axAK2s300AFUXR8zfBMw,8FfCO6NPQKwi0rEBg35LjkX874iicQlwiOXWNMTXj2iUZ1vf0c,jj
!DaUcqPSGUDWyGONNJQ:matrix.dropmenote.com,axAK2s300AFUXR8zfBMw,8FfCO6NPQKwi0rEBg35LjkX874iicQlwiOXWNMTXj2iUZ1vf0c,jhg
!DaUcqPSGUDWyGONNJQ:matrix.dropmenote.com,axAK2s300AFUXR8zfBMw,8FfCO6NPQKwi0rEBg35LjkX874iicQlwiOXWNMTXj2iUZ1vf0c,test nova sprava
!DaUcqPSGUDWyGONNJQ:matrix.dropmenote.com,axAK2s300AFUXR8zfBMw,8FfCO6NPQKwi0rEBg35LjkX874iicQlwiOXWNMTXj2iUZ1vf0c,test
!DaUcqPSGUDWyGONNJQ:matrix.dropmenote.com,axAK2s300AFUXR8zfBMw,8FfCO6NPQKwi0rEBg35LjkX874iicQlwiOXWNMTXj2iUZ1vf0c,consumer test
!DaUcqPSGUDWyGONNJQ:matrix.dropmenote.com,axAK2s300AFUXR8zfBMw,8FfCO6NPQKwi0rEBg35LjkX874iicQlwiOXWNMTXj2iUZ1vf0c,ccc
!DaUcqPSGUDWyGONNJQ:matrix.dropmenote.com,axAK2s300AFUXR8zfBMw,8FfCO6NPQKwi0rEBg35LjkX874iicQlwiOXWNMTXj2iUZ1vf0c,cc
!DaUcqPSGUDWyGONNJQ:matrix.dropmenote.com,axAK2s300AFUXR8zfBMw,8FfCO6NPQKwi0rEBg35LjkX874iicQlwiOXWNMTXj2iUZ1vf0c,c
!DaUcqPSGUDWyGONNJQ:matrix.dropmenote.com,axAK2s300AFUXR8zfBMw,8FfCO6NPQKwi0rEBg35LjkX874iicQlwiOXWNMTXj2iUZ1vf0c,uuu
!DaUcqPSGUDWyGONNJQ:matrix.dropmenote.com,axAK2s300AFUXR8zfBMw,8FfCO6NPQKwi0rEBg35LjkX874iicQlwiOXWNMTXj2iUZ1vf0c,gjhjfgj
!DaUcqPSGUDWyGONNJQ:matrix.dropmenote.com,axAK2s300AFUXR8zfBMw,8FfCO6NPQKwi0rEBg35LjkX874iicQlwiOXWNMTXj2iUZ1vf0c,asfd
!DaUcqPSGUDWyGONNJQ:matrix.dropmenote.com,axAK2s300AFUXR8zfBMw,8FfCO6NPQKwi0rEBg35LjkX874iicQlwiOXWNMTXj2iUZ1vf0c,sfd
!DaUcqPSGUDWyGONNJQ:matrix.dropmenote.com,axAK2s300AFUXR8zfBMw,8FfCO6NPQKwi0rEBg35LjkX874iicQlwiOXWNMTXj2iUZ1vf0c,ghj
!DaUcqPSGUDWyGONNJQ:matrix.dropmenote.com,axAK2s300AFUXR8zfBMw,8FfCO6NPQKwi0rEBg35LjkX874iicQlwiOXWNMTXj2iUZ1vf0c,ff
!DaUcqPSGUDWyGONNJQ:matrix.dropmenote.com,axAK2s300AFUXR8zfBMw,8FfCO6NPQKwi0rEBg35LjkX874iicQlwiOXWNMTXj2iUZ1vf0c,k
!DaUcqPSGUDWyGONNJQ:matrix.dropmenote.com,axAK2s300AFUXR8zfBMw,8FfCO6NPQKwi0rEBg35LjkX874iicQlwiOXWNMTXj2iUZ1vf0c,kk
!DaUcqPSGUDWyGONNJQ:matrix.dropmenote.com,axAK2s300AFUXR8zfBMw,8FfCO6NPQKwi0rEBg35LjkX874iicQlwiOXWNMTXj2iUZ1vf0c,jj
!DaUcqPSGUDWyGONNJQ:matrix.dropmenote.com,axAK2s300AFUXR8zfBMw,8FfCO6NPQKwi0rEBg35LjkX874iicQlwiOXWNMTXj2iUZ1vf0c,hh
!DaUcqPSGUDWyGONNJQ:matrix.dropmenote.com,axAK2s300AFUXR8zfBMw,8FfCO6NPQKwi0rEBg35LjkX874iicQlwiOXWNMTXj2iUZ1vf0c,jj
!DaUcqPSGUDWyGONNJQ:matrix.dropmenote.com,axAK2s300AFUXR8zfBMw,8FfCO6NPQKwi0rEBg35LjkX874iicQlwiOXWNMTXj2iUZ1vf0c,gjk
!DaUcqPSGUDWyGONNJQ:matrix.dropmenote.com,axAK2s300AFUXR8zfBMw,8FfCO6NPQKwi0rEBg35LjkX874iicQlwiOXWNMTXj2iUZ1vf0c,hhh
!DaUcqPSGUDWyGONNJQ:matrix.dropmenote.com,axAK2s300AFUXR8zfBMw,8FfCO6NPQKwi0rEBg35LjkX874iicQlwiOXWNMTXj2iUZ1vf0c,ll
!DaUcqPSGUDWyGONNJQ:matrix.dropmenote.com,axAK2s300AFUXR8zfBMw,8FfCO6NPQKwi0rEBg35LjkX874iicQlwiOXWNMTXj2iUZ1vf0c,kk
!DaUcqPSGUDWyGONNJQ:matrix.dropmenote.com,axAK2s300AFUXR8zfBMw,v7GjX4roKHxgfWfiUHQshUDIR7wZnnuieaoadxvG6WxTM3uwR5,ll
!DaUcqPSGUDWyGONNJQ:matrix.dropmenote.com,axAK2s300AFUXR8zfBMw,8FfCO6NPQKwi0rEBg35LjkX874iicQlwiOXWNMTXj2iUZ1vf0c,aaa
!DaUcqPSGUDWyGONNJQ:matrix.dropmenote.com,axAK2s300AFUXR8zfBMw,8FfCO6NPQKwi0rEBg35LjkX874iicQlwiOXWNMTXj2iUZ1vf0c,ccc
!DaUcqPSGUDWyGONNJQ:matrix.dropmenote.com,axAK2s300AFUXR8zfBMw,8FfCO6NPQKwi0rEBg35LjkX874iicQlwiOXWNMTXj2iUZ1vf0c,cc
!DaUcqPSGUDWyGONNJQ:matrix.dropmenote.com,axAK2s300AFUXR8zfBMw,8FfCO6NPQKwi0rEBg35LjkX874iicQlwiOXWNMTXj2iUZ1vf0c,c
!DaUcqPSGUDWyGONNJQ:matrix.dropmenote.com,axAK2s300AFUXR8zfBMw,v7GjX4roKHxgfWfiUHQshUDIR7wZnnuieaoadxvG6WxTM3uwR5,a
!DaUcqPSGUDWyGONNJQ:matrix.dropmenote.com,axAK2s300AFUXR8zfBMw,v7GjX4roKHxgfWfiUHQshUDIR7wZnnuieaoadxvG6WxTM3uwR5,a
!DaUcqPSGUDWyGONNJQ:matrix.dropmenote.com,axAK2s300AFUXR8zfBMw,v7GjX4roKHxgfWfiUHQshUDIR7wZnnuieaoadxvG6WxTM3uwR5,aa
!DaUcqPSGUDWyGONNJQ:matrix.dropmenote.com,axAK2s300AFUXR8zfBMw,8FfCO6NPQKwi0rEBg35LjkX874iicQlwiOXWNMTXj2iUZ1vf0c,dd
!DaUcqPSGUDWyGONNJQ:matrix.dropmenote.com,axAK2s300AFUXR8zfBMw,8FfCO6NPQKwi0rEBg35LjkX874iicQlwiOXWNMTXj2iUZ1vf0c,gf
!DaUcqPSGUDWyGONNJQ:matrix.dropmenote.com,axAK2s300AFUXR8zfBMw,8FfCO6NPQKwi0rEBg35LjkX874iicQlwiOXWNMTXj2iUZ1vf0c,gf
!DaUcqPSGUDWyGONNJQ:matrix.dropmenote.com,axAK2s300AFUXR8zfBMw,8FfCO6NPQKwi0rEBg35LjkX874iicQlwiOXWNMTXj2iUZ1vf0c,ff
!DaUcqPSGUDWyGONNJQ:matrix.dropmenote.com,axAK2s300AFUXR8zfBMw,8FfCO6NPQKwi0rEBg35LjkX874iicQlwiOXWNMTXj2iUZ1vf0c,ffd
!DaUcqPSGUDWyGONNJQ:matrix.dropmenote.com,axAK2s300AFUXR8zfBMw,8FfCO6NPQKwi0rEBg35LjkX874iicQlwiOXWNMTXj2iUZ1vf0c,tt
!DaUcqPSGUDWyGONNJQ:matrix.dropmenote.com,axAK2s300AFUXR8zfBMw,8FfCO6NPQKwi0rEBg35LjkX874iicQlwiOXWNMTXj2iUZ1vf0c,jjj
!DaUcqPSGUDWyGONNJQ:matrix.dropmenote.com,axAK2s300AFUXR8zfBMw,8FfCO6NPQKwi0rEBg35LjkX874iicQlwiOXWNMTXj2iUZ1vf0c,mmm
!DaUcqPSGUDWyGONNJQ:matrix.dropmenote.com,axAK2s300AFUXR8zfBMw,8FfCO6NPQKwi0rEBg35LjkX874iicQlwiOXWNMTXj2iUZ1vf0c,m
!DaUcqPSGUDWyGONNJQ:matrix.dropmenote.com,axAK2s300AFUXR8zfBMw,8FfCO6NPQKwi0rEBg35LjkX874iicQlwiOXWNMTXj2iUZ1vf0c,mm
!DaUcqPSGUDWyGONNJQ:matrix.dropmenote.com,axAK2s300AFUXR8zfBMw,v7GjX4roKHxgfWfiUHQshUDIR7wZnnuieaoadxvG6WxTM3uwR5,hh
!DaUcqPSGUDWyGONNJQ:matrix.dropmenote.com,axAK2s300AFUXR8zfBMw,8FfCO6NPQKwi0rEBg35LjkX874iicQlwiOXWNMTXj2iUZ1vf0c,ooo
!DaUcqPSGUDWyGONNJQ:matrix.dropmenote.com,axAK2s300AFUXR8zfBMw,8FfCO6NPQKwi0rEBg35LjkX874iicQlwiOXWNMTXj2iUZ1vf0c,oo
!DaUcqPSGUDWyGONNJQ:matrix.dropmenote.com,axAK2s300AFUXR8zfBMw,8FfCO6NPQKwi0rEBg35LjkX874iicQlwiOXWNMTXj2iUZ1vf0c,ll
!DaUcqPSGUDWyGONNJQ:matrix.dropmenote.com,axAK2s300AFUXR8zfBMw,v7GjX4roKHxgfWfiUHQshUDIR7wZnnuieaoadxvG6WxTM3uwR5,jjj
!DaUcqPSGUDWyGONNJQ:matrix.dropmenote.com,axAK2s300AFUXR8zfBMw,8FfCO6NPQKwi0rEBg35LjkX874iicQlwiOXWNMTXj2iUZ1vf0c,kkk
!DaUcqPSGUDWyGONNJQ:matrix.dropmenote.com,axAK2s300AFUXR8zfBMw,8FfCO6NPQKwi0rEBg35LjkX874iicQlwiOXWNMTXj2iUZ1vf0c,hh
!DaUcqPSGUDWyGONNJQ:matrix.dropmenote.com,axAK2s300AFUXR8zfBMw,8FfCO6NPQKwi0rEBg35LjkX874iicQlwiOXWNMTXj2iUZ1vf0c,h
!DaUcqPSGUDWyGONNJQ:matrix.dropmenote.com,axAK2s300AFUXR8zfBMw,8FfCO6NPQKwi0rEBg35LjkX874iicQlwiOXWNMTXj2iUZ1vf0c,jj
!DaUcqPSGUDWyGONNJQ:matrix.dropmenote.com,axAK2s300AFUXR8zfBMw,v7GjX4roKHxgfWfiUHQshUDIR7wZnnuieaoadxvG6WxTM3uwR5,dd
!DaUcqPSGUDWyGONNJQ:matrix.dropmenote.com,axAK2s300AFUXR8zfBMw,v7GjX4roKHxgfWfiUHQshUDIR7wZnnuieaoadxvG6WxTM3uwR5,hh
!DaUcqPSGUDWyGONNJQ:matrix.dropmenote.com,axAK2s300AFUXR8zfBMw,v7GjX4roKHxgfWfiUHQshUDIR7wZnnuieaoadxvG6WxTM3uwR5,gg
!DaUcqPSGUDWyGONNJQ:matrix.dropmenote.com,axAK2s300AFUXR8zfBMw,v7GjX4roKHxgfWfiUHQshUDIR7wZnnuieaoadxvG6WxTM3uwR5,gg
!DaUcqPSGUDWyGONNJQ:matrix.dropmenote.com,axAK2s300AFUXR8zfBMw,v7GjX4roKHxgfWfiUHQshUDIR7wZnnuieaoadxvG6WxTM3uwR5,h
!DaUcqPSGUDWyGONNJQ:matrix.dropmenote.com,axAK2s300AFUXR8zfBMw,8FfCO6NPQKwi0rEBg35LjkX874iicQlwiOXWNMTXj2iUZ1vf0c,kk
!DaUcqPSGUDWyGONNJQ:matrix.dropmenote.com,axAK2s300AFUXR8zfBMw,8FfCO6NPQKwi0rEBg35LjkX874iicQlwiOXWNMTXj2iUZ1vf0c,k
!DaUcqPSGUDWyGONNJQ:matrix.dropmenote.com,axAK2s300AFUXR8zfBMw,8FfCO6NPQKwi0rEBg35LjkX874iicQlwiOXWNMTXj2iUZ1vf0c,m
!DaUcqPSGUDWyGONNJQ:matrix.dropmenote.com,axAK2s300AFUXR8zfBMw,8FfCO6NPQKwi0rEBg35LjkX874iicQlwiOXWNMTXj2iUZ1vf0c,l
!DaUcqPSGUDWyGONNJQ:matrix.dropmenote.com,axAK2s300AFUXR8zfBMw,v7GjX4roKHxgfWfiUHQshUDIR7wZnnuieaoadxvG6WxTM3uwR5,jj
!DaUcqPSGUDWyGONNJQ:matrix.dropmenote.com,axAK2s300AFUXR8zfBMw,v7GjX4roKHxgfWfiUHQshUDIR7wZnnuieaoadxvG6WxTM3uwR5,j
!DaUcqPSGUDWyGONNJQ:matrix.dropmenote.com,axAK2s300AFUXR8zfBMw,v7GjX4roKHxgfWfiUHQshUDIR7wZnnuieaoadxvG6WxTM3uwR5,mm
!DaUcqPSGUDWyGONNJQ:matrix.dropmenote.com,axAK2s300AFUXR8zfBMw,v7GjX4roKHxgfWfiUHQshUDIR7wZnnuieaoadxvG6WxTM3uwR5,hgf
!DaUcqPSGUDWyGONNJQ:matrix.dropmenote.com,axAK2s300AFUXR8zfBMw,v7GjX4roKHxgfWfiUHQshUDIR7wZnnuieaoadxvG6WxTM3uwR5,df
!DaUcqPSGUDWyGONNJQ:matrix.dropmenote.com,axAK2s300AFUXR8zfBMw,v7GjX4roKHxgfWfiUHQshUDIR7wZnnuieaoadxvG6WxTM3uwR5,hg
!DaUcqPSGUDWyGONNJQ:matrix.dropmenote.com,axAK2s300AFUXR8zfBMw,8FfCO6NPQKwi0rEBg35LjkX874iicQlwiOXWNMTXj2iUZ1vf0c,df
!DaUcqPSGUDWyGONNJQ:matrix.dropmenote.com,axAK2s300AFUXR8zfBMw,8FfCO6NPQKwi0rEBg35LjkX874iicQlwiOXWNMTXj2iUZ1vf0c,df
!DaUcqPSGUDWyGONNJQ:matrix.dropmenote.com,axAK2s300AFUXR8zfBMw,8FfCO6NPQKwi0rEBg35LjkX874iicQlwiOXWNMTXj2iUZ1vf0c,dfg
!DaUcqPSGUDWyGONNJQ:matrix.dropmenote.com,axAK2s300AFUXR8zfBMw,8FfCO6NPQKwi0rEBg35LjkX874iicQlwiOXWNMTXj2iUZ1vf0c,jh
!DaUcqPSGUDWyGONNJQ:matrix.dropmenote.com,axAK2s300AFUXR8zfBMw,v7GjX4roKHxgfWfiUHQshUDIR7wZnnuieaoadxvG6WxTM3uwR5,dfgh
!DaUcqPSGUDWyGONNJQ:matrix.dropmenote.com,axAK2s300AFUXR8zfBMw,v7GjX4roKHxgfWfiUHQshUDIR7wZnnuieaoadxvG6WxTM3uwR5,fg
!DaUcqPSGUDWyGONNJQ:matrix.dropmenote.com,axAK2s300AFUXR8zfBMw,v7GjX4roKHxgfWfiUHQshUDIR7wZnnuieaoadxvG6WxTM3uwR5,lj
!DaUcqPSGUDWyGONNJQ:matrix.dropmenote.com,axAK2s300AFUXR8zfBMw,v7GjX4roKHxgfWfiUHQshUDIR7wZnnuieaoadxvG6WxTM3uwR5,kk
!DaUcqPSGUDWyGONNJQ:matrix.dropmenote.com,axAK2s300AFUXR8zfBMw,8FfCO6NPQKwi0rEBg35LjkX874iicQlwiOXWNMTXj2iUZ1vf0c,lk
!DaUcqPSGUDWyGONNJQ:matrix.dropmenote.com,axAK2s300AFUXR8zfBMw,8FfCO6NPQKwi0rEBg35LjkX874iicQlwiOXWNMTXj2iUZ1vf0c,ll
!DaUcqPSGUDWyGONNJQ:matrix.dropmenote.com,axAK2s300AFUXR8zfBMw,8FfCO6NPQKwi0rEBg35LjkX874iicQlwiOXWNMTXj2iUZ1vf0c,lk
!DaUcqPSGUDWyGONNJQ:matrix.dropmenote.com,axAK2s300AFUXR8zfBMw,v7GjX4roKHxgfWfiUHQshUDIR7wZnnuieaoadxvG6WxTM3uwR5,ll
!DaUcqPSGUDWyGONNJQ:matrix.dropmenote.com,axAK2s300AFUXR8zfBMw,8FfCO6NPQKwi0rEBg35LjkX874iicQlwiOXWNMTXj2iUZ1vf0c,ll
!DaUcqPSGUDWyGONNJQ:matrix.dropmenote.com,axAK2s300AFUXR8zfBMw,v7GjX4roKHxgfWfiUHQshUDIR7wZnnuieaoadxvG6WxTM3uwR5,ll
!DaUcqPSGUDWyGONNJQ:matrix.dropmenote.com,axAK2s300AFUXR8zfBMw,8FfCO6NPQKwi0rEBg35LjkX874iicQlwiOXWNMTXj2iUZ1vf0c,ll
!DaUcqPSGUDWyGONNJQ:matrix.dropmenote.com,axAK2s300AFUXR8zfBMw,8FfCO6NPQKwi0rEBg35LjkX874iicQlwiOXWNMTXj2iUZ1vf0c,ll
!DaUcqPSGUDWyGONNJQ:matrix.dropmenote.com,axAK2s300AFUXR8zfBMw,v7GjX4roKHxgfWfiUHQshUDIR7wZnnuieaoadxvG6WxTM3uwR5,ll
!DaUcqPSGUDWyGONNJQ:matrix.dropmenote.com,axAK2s300AFUXR8zfBMw,v7GjX4roKHxgfWfiUHQshUDIR7wZnnuieaoadxvG6WxTM3uwR5,ll
!DaUcqPSGUDWyGONNJQ:matrix.dropmenote.com,axAK2s300AFUXR8zfBMw,v7GjX4roKHxgfWfiUHQshUDIR7wZnnuieaoadxvG6WxTM3uwR5,kj
!DaUcqPSGUDWyGONNJQ:matrix.dropmenote.com,axAK2s300AFUXR8zfBMw,v7GjX4roKHxgfWfiUHQshUDIR7wZnnuieaoadxvG6WxTM3uwR5,ll
!DaUcqPSGUDWyGONNJQ:matrix.dropmenote.com,axAK2s300AFUXR8zfBMw,8FfCO6NPQKwi0rEBg35LjkX874iicQlwiOXWNMTXj2iUZ1vf0c,lkj
!DaUcqPSGUDWyGONNJQ:matrix.dropmenote.com,axAK2s300AFUXR8zfBMw,8FfCO6NPQKwi0rEBg35LjkX874iicQlwiOXWNMTXj2iUZ1vf0c,lk
!DaUcqPSGUDWyGONNJQ:matrix.dropmenote.com,axAK2s300AFUXR8zfBMw,v7GjX4roKHxgfWfiUHQshUDIR7wZnnuieaoadxvG6WxTM3uwR5,cau test
!DaUcqPSGUDWyGONNJQ:matrix.dropmenote.com,axAK2s300AFUXR8zfBMw,8FfCO6NPQKwi0rEBg35LjkX874iicQlwiOXWNMTXj2iUZ1vf0c,cau aj ty
!DaUcqPSGUDWyGONNJQ:matrix.dropmenote.com,axAK2s300AFUXR8zfBMw,v7GjX4roKHxgfWfiUHQshUDIR7wZnnuieaoadxvG6WxTM3uwR5,can znova
!DaUcqPSGUDWyGONNJQ:matrix.dropmenote.com,axAK2s300AFUXR8zfBMw,8FfCO6NPQKwi0rEBg35LjkX874iicQlwiOXWNMTXj2iUZ1vf0c,tak cau aj ty
!DaUcqPSGUDWyGONNJQ:matrix.dropmenote.com,axAK2s300AFUXR8zfBMw,8FfCO6NPQKwi0rEBg35LjkX874iicQlwiOXWNMTXj2iUZ1vf0c,"nie ty , ale ty"
!DaUcqPSGUDWyGONNJQ:matrix.dropmenote.com,axAK2s300AFUXR8zfBMw,v7GjX4roKHxgfWfiUHQshUDIR7wZnnuieaoadxvG6WxTM3uwR5,no tak ty
!DaUcqPSGUDWyGONNJQ:matrix.dropmenote.com,axAK2s300AFUXR8zfBMw,v7GjX4roKHxgfWfiUHQshUDIR7wZnnuieaoadxvG6WxTM3uwR5,ty
